{
    "name": "root",
    "gauges": {
        "AgentCube.Policy.Entropy.mean": {
            "value": 1.0532763004302979,
            "min": 1.0474950075149536,
            "max": 1.4021438360214233,
            "count": 100
        },
        "AgentCube.Policy.Entropy.sum": {
            "value": 10610.705078125,
            "min": 10391.7958984375,
            "max": 14335.5185546875,
            "count": 100
        },
        "AgentCube.Step.mean": {
            "value": 999945.0,
            "min": 9968.0,
            "max": 999945.0,
            "count": 100
        },
        "AgentCube.Step.sum": {
            "value": 999945.0,
            "min": 9968.0,
            "max": 999945.0,
            "count": 100
        },
        "AgentCube.Policy.ExtrinsicValueEstimate.mean": {
            "value": 0.047922760248184204,
            "min": -0.00861758179962635,
            "max": 0.08527134358882904,
            "count": 100
        },
        "AgentCube.Policy.ExtrinsicValueEstimate.sum": {
            "value": 7.667641639709473,
            "min": -1.3788130283355713,
            "max": 13.899229049682617,
            "count": 100
        },
        "AgentCube.Losses.PolicyLoss.mean": {
            "value": 0.24149725622077026,
            "min": 0.23414315419513346,
            "max": 0.25260226699912847,
            "count": 100
        },
        "AgentCube.Losses.PolicyLoss.sum": {
            "value": 19.07828324144085,
            "min": 6.489816414596159,
            "max": 20.039627047075676,
            "count": 100
        },
        "AgentCube.Losses.ValueLoss.mean": {
            "value": 0.004816419343253669,
            "min": 3.794717448362482e-05,
            "max": 0.011770906733207315,
            "count": 100
        },
        "AgentCube.Losses.ValueLoss.sum": {
            "value": 0.38049712811703984,
            "min": 0.0009866265365742453,
            "max": 0.9063598184569632,
            "count": 100
        },
        "AgentCube.Policy.LearningRate.mean": {
            "value": 1.494600767655696e-06,
            "min": 1.494600767655696e-06,
            "max": 0.00029846307743538455,
            "count": 100
        },
        "AgentCube.Policy.LearningRate.sum": {
            "value": 0.00011807346064479998,
            "min": 0.00011807346064479998,
            "max": 0.0209054554315151,
            "count": 100
        },
        "AgentCube.Policy.Epsilon.mean": {
            "value": 0.1004981670886076,
            "min": 0.1004981670886076,
            "max": 0.19948769230769234,
            "count": 100
        },
        "AgentCube.Policy.Epsilon.sum": {
            "value": 7.939355200000001,
            "min": 5.0570146000000005,
            "max": 14.760285900000001,
            "count": 100
        },
        "AgentCube.Policy.Beta.mean": {
            "value": 0.0005000000000000001,
            "min": 0.0005000000000000001,
            "max": 0.0005000000000000002,
            "count": 100
        },
        "AgentCube.Policy.Beta.sum": {
            "value": 0.03950000000000001,
            "min": 0.013000000000000005,
            "max": 0.04000000000000001,
            "count": 100
        },
        "AgentCube.Environment.EpisodeLength.mean": {
            "value": 879.4615384615385,
            "min": 365.9259259259259,
            "max": 1249.0,
            "count": 100
        },
        "AgentCube.Environment.EpisodeLength.sum": {
            "value": 11433.0,
            "min": 4995.0,
            "max": 13760.0,
            "count": 100
        },
        "AgentCube.Environment.CumulativeReward.mean": {
            "value": 0.5075277286098123,
            "min": -0.09999999729916453,
            "max": 0.7209002374341557,
            "count": 100
        },
        "AgentCube.Environment.CumulativeReward.sum": {
            "value": 6.597860471927561,
            "min": -1.0999999702908099,
            "max": 10.813503561512334,
            "count": 100
        },
        "AgentCube.Policy.ExtrinsicReward.mean": {
            "value": 0.5075277286098123,
            "min": -0.09999999729916453,
            "max": 0.7209002374341557,
            "count": 100
        },
        "AgentCube.Policy.ExtrinsicReward.sum": {
            "value": 6.597860471927561,
            "min": -1.0999999702908099,
            "max": 10.813503561512334,
            "count": 100
        },
        "AgentCube.IsTraining.mean": {
            "value": 1.0,
            "min": 1.0,
            "max": 1.0,
            "count": 100
        },
        "AgentCube.IsTraining.sum": {
            "value": 1.0,
            "min": 1.0,
            "max": 1.0,
            "count": 100
        }
    },
    "metadata": {
        "timer_format_version": "0.1.0",
        "start_time_seconds": "1741804945",
        "python_version": "3.10.12 | packaged by Anaconda, Inc. | (main, Jul  5 2023, 19:01:18) [MSC v.1916 64 bit (AMD64)]",
        "command_line_arguments": "C:\\Users\\natha\\anaconda3\\envs\\mlagents\\Scripts\\mlagents-learn config/project6_config.yaml --run-id=runtest2 --force",
        "mlagents_version": "1.1.0",
        "mlagents_envs_version": "1.1.0",
        "communication_protocol_version": "1.5.0",
        "pytorch_version": "2.2.2+cu121",
        "numpy_version": "1.23.5",
        "end_time_seconds": "1741809601"
    },
    "total": 4656.546219199998,
    "count": 1,
    "self": 0.005600600001343992,
    "children": {
        "run_training.setup": {
            "total": 0.3072773999956553,
            "count": 1,
            "self": 0.3072773999956553
        },
        "TrainerController.start_learning": {
            "total": 4656.233341200001,
            "count": 1,
            "self": 3.203814498563588,
            "children": {
                "TrainerController._reset_env": {
                    "total": 24.69293540000217,
                    "count": 1,
                    "self": 24.69293540000217
                },
                "TrainerController.advance": {
                    "total": 4628.262306801436,
                    "count": 167832,
                    "self": 3.0751708031530143,
                    "children": {
                        "env_step": {
                            "total": 2338.3722047986375,
                            "count": 167832,
                            "self": 1794.3243211986264,
                            "children": {
                                "SubprocessEnvManager._take_step": {
                                    "total": 541.9817957006599,
                                    "count": 167833,
                                    "self": 11.6070791994498,
                                    "children": {
                                        "TorchPolicy.evaluate": {
                                            "total": 530.3747165012101,
                                            "count": 166761,
                                            "self": 530.3747165012101
                                        }
                                    }
                                },
                                "workers": {
                                    "total": 2.0660878993512597,
                                    "count": 167832,
                                    "self": 0.0,
                                    "children": {
                                        "worker_root": {
                                            "total": 4610.531320202201,
                                            "count": 167832,
                                            "is_parallel": true,
                                            "self": 3025.521586003706,
                                            "children": {
                                                "steps_from_proto": {
                                                    "total": 0.0012080000014975667,
                                                    "count": 2,