{
    "name": "root",
    "gauges": {
        "AgentCube.Policy.Entropy.mean": {
            "value": 1.4110349416732788,
            "min": 1.4110349416732788,
            "max": 1.4110349416732788,
            "count": 1
        },
        "AgentCube.Policy.Entropy.sum": {
            "value": 14324.826171875,
            "min": 14324.826171875,
            "max": 14324.826171875,
            "count": 1
        },
        "AgentCube.Step.mean": {
            "value": 9960.0,
            "min": 9960.0,
            "max": 9960.0,
            "count": 1
        },
        "AgentCube.Step.sum": {
            "value": 9960.0,
            "min": 9960.0,
            "max": 9960.0,
            "count": 1
        },
        "AgentCube.Policy.ExtrinsicValueEstimate.mean": {
            "value": 0.010962276719510555,
            "min": 0.010962276719510555,
            "max": 0.010962276719510555,
            "count": 1
        },
        "AgentCube.Policy.ExtrinsicValueEstimate.sum": {
            "value": 1.743001937866211,
            "min": 1.743001937866211,
            "max": 1.743001937866211,
            "count": 1
        },
        "AgentCube.Losses.PolicyLoss.mean": {
            "value": 0.2503734299902276,
            "min": 0.2503734299902276,
            "max": 0.2503734299902276,
            "count": 1
        },
        "AgentCube.Losses.PolicyLoss.sum": {
            "value": 4.25634830983387,
            "min": 4.25634830983387,
            "max": 4.25634830983387,
            "count": 1
        },
        "AgentCube.Losses.ValueLoss.mean": {
            "value": 0.0017503632389624915,
            "min": 0.0017503632389624915,
            "max": 0.0017503632389624915,
            "count": 1
        },
        "AgentCube.Losses.ValueLoss.sum": {
            "value": 0.029756175062362354,
            "min": 0.029756175062362354,
            "max": 0.029756175062362354,
            "count": 1
        },
        "AgentCube.Policy.LearningRate.mean": {
            "value": 0.00028452424045270584,
            "min": 0.00028452424045270584,
            "max": 0.00028452424045270584,
            "count": 1
        },
        "AgentCube.Policy.LearningRate.sum": {
            "value": 0.004836912087695999,
            "min": 0.004836912087695999,
            "max": 0.004836912087695999,
            "count": 1
        },
        "AgentCube.Policy.Epsilon.mean": {
            "value": 0.19484141176470593,
            "min": 0.19484141176470593,
            "max": 0.19484141176470593,
            "count": 1
        },
        "AgentCube.Policy.Epsilon.sum": {
            "value": 3.3123040000000006,
            "min": 3.3123040000000006,
            "max": 3.3123040000000006,
            "count": 1
        },
        "AgentCube.Policy.Beta.mean": {
            "value": 0.0005000000000000002,
            "min": 0.0005000000000000002,
            "max": 0.0005000000000000002,
            "count": 1
        },
        "AgentCube.Policy.Beta.sum": {
            "value": 0.008500000000000004,
            "min": 0.008500000000000004,
            "max": 0.008500000000000004,
            "count": 1
        },
        "AgentCube.Environment.EpisodeLength.mean": {
            "value": 999.0,
            "min": 999.0,
            "max": 999.0,
            "count": 1
        },
        "AgentCube.Environment.EpisodeLength.sum": {
            "value": 8991.0,
            "min": 8991.0,
            "max": 8991.0,
            "count": 1
        },
        "AgentCube.Environment.CumulativeReward.mean": {
            "value": -0.9765432597034507,
            "min": -0.9765432597034507,
            "max": -0.9765432597034507,
            "count": 1
        },
        "AgentCube.Environment.CumulativeReward.sum": {
            "value": -8.788889337331057,
            "min": -8.788889337331057,
            "max": -8.788889337331057,
            "count": 1
        },
        "AgentCube.Policy.ExtrinsicReward.mean": {
            "value": -0.9765432597034507,
            "min": -0.9765432597034507,
            "max": -0.9765432597034507,
            "count": 1
        },
        "AgentCube.Policy.ExtrinsicReward.sum": {
            "value": -8.788889337331057,
            "min": -8.788889337331057,
            "max": -8.788889337331057,
            "count": 1
        },
        "AgentCube.IsTraining.mean": {
            "value": 1.0,
            "min": 1.0,
            "max": 1.0,
            "count": 1
        },
        "AgentCube.IsTraining.sum": {
            "value": 1.0,
            "min": 1.0,
            "max": 1.0,
            "count": 1
        }
    },
    "metadata": {
        "timer_format_version": "0.1.0",
        "start_time_seconds": "1741801850",
        "python_version": "3.10.12 | packaged by Anaconda, Inc. | (main, Jul  5 2023, 19:01:18) [MSC v.1916 64 bit (AMD64)]",
        "command_line_arguments": "C:\\Users\\natha\\anaconda3\\envs\\mlagents\\Scripts\\mlagents-learn config/project6_config.yaml --run-id=runtest2 --force",
        "mlagents_version": "1.1.0",
        "mlagents_envs_version": "1.1.0",
        "communication_protocol_version": "1.5.0",
        "pytorch_version": "2.2.2+cu121",
        "numpy_version": "1.23.5",
        "end_time_seconds": "1741802012"
    },
    "total": 162.40610220000235,
    "count": 1,
    "self": 0.005287699990731198,
    "children": {
        "run_training.setup": {
            "total": 0.28894290000607725,
            "count": 1,
            "self": 0.28894290000607725
        },
        "TrainerController.start_learning": {
            "total": 162.11187160000554,
            "count": 1,
            "self": 0.0543015999646741,
            "children": {
                "TrainerController._reset_env": {
                    "total": 26.112335600002552,
                    "count": 1,
                    "self": 26.112335600002552
                },
                "TrainerController.advance": {
                    "total": 135.83317350003927,
                    "count": 2099,
                    "self": 0.04976180018275045,
                    "children": {
                        "env_step": {
                            "total": 77.01099329978751,
                            "count": 2099,
                            "self": 67.71348429969657,
                            "children": {
                                "SubprocessEnvManager._take_step": {
                                    "total": 9.266478600125993,
                                    "count": 2099,
                                    "self": 0.19526380009483546,
                                    "children": {
                                        "TorchPolicy.evaluate": {
                                            "total": 9.071214800031157,
                                            "count": 2099,
                                            "self": 9.071214800031157
                                        }
                                    }
                                },
                                "workers": {
                                    "total": 0.03103039996494772,
                                    "count": 2098,
                                    "self": 0.0,
                                    "children": {
                                        "worker_root": {
                                            "total": 95.14731870011747,
                                            "count": 2098,
                                            "is_parallel": true,
                                            "self": 74.63417059990752,
                                            "children": {
                                                "steps_from_proto": {
                                                    "total": 0.0007551000016974285,
                                                    "count": 1,
                                                    "is_parallel": true,