{"count":1,"self":1098.4805376,"total":4098.6099888,"children":{"InitializeActuators":{"count":6,"self":0.0010271,"total":0.0010271,"children":null},"InitializeSensors":{"count":6,"self":0.0025536,"total":0.0025536,"children":null},"AgentSendState":{"count":1595834,"self":17.066855999999998,"total":25.4519682,"children":{"CollectObservations":{"count":957504,"self":0.337819,"total":0.337819,"children":null},"WriteActionMask":{"count":957504,"self":0.38539419999999996,"total":0.38539419999999996,"children":null},"RequestDecision":{"count":957504,"self":1.4153031999999999,"total":7.6618986,"children":{"AgentInfo.ToProto":{"count":957504,"self":1.4990219,"total":6.2465953999999995,"children":{"GenerateSensorData":{"count":957504,"self":3.5915991999999997,"total":4.7475735,"children":{"RayPerceptionSensor.Perceive":{"count":957504,"self":1.1559743999999998,"total":1.1559743999999998,"children":null}}}}}}}}},"DecideAction":{"count":1595834,"self":2962.1960704,"total":2962.1959967999996,"children":null},"AgentAct":{"count":1595834,"self":12.4626696,"total":12.4778671,"children":{"AgentInfo.ToProto":{"count":1275,"self":0.0041700999999999995,"total":0.015197299999999999,"children":{"GenerateSensorData":{"count":1275,"self":0.0065061999999999993,"total":0.0110272,"children":{"RayPerceptionSensor.Perceive":{"count":1275,"self":0.004521,"total":0.004521,"children":null}}}}}}}},"gauges":{"AgentCube.CumulativeReward":{"count":1275,"max":2.00303721,"min":-0.300097078,"runningAverage":0.232008249,"value":0.399899453,"weightedAverage":0.4297026}},"metadata":{"timer_format_version":"0.1.0","start_time_seconds":"1741805503","unity_version":"6000.0.39f1","command_line_arguments":"C:\\Program Files\\Unity\\Hub\\Editor\\6000.0.39f1\\Editor\\Unity.exe -projectpath C:\\Users\\natha\\Unity_Projects\\GitHub\\ML-Project-6\\ML-Project6 -useHub -hubIPC -cloudEnvironment production","communication_protocol_version":"1.5.0","com.unity.ml-agents_version":"3.0.0","scene_name":"TrainingScene","end_time_seconds":"1741809601"}}